city,year,day_of_week,hour,distance_km,travel_time_minutes_10km,average_speed_kmph,data_source,spatial_scope,road_level
Hyderabad,2025,Monday,0,10,23,26.087,TomTom Traffic Index - Hyderabad 2025,Hyderabad city/metro aggregate,citywide aggregate
Hyderabad,2025,Tuesday,0,10,23,26.087,TomTom Traffic Index - Hyderabad 2025,Hyderabad city/metro aggregate,citywide aggregate
Hyderabad,2025,Wednesday,0,10,24,25.0,TomTom Traffic Index - Hyderabad 2025,Hyderabad city/metro aggregate,citywide aggregate
Hyderabad,2025,Thursday,0,10,24,25.0,TomTom Traffic Index - Hyderabad 2025,Hyderabad city/metro aggregate,citywide aggregate
Hyderabad,2025,Friday,0,10,24,25.0,TomTom Traffic Index - Hyderabad 2025,Hyderabad city/metro aggregate,citywide aggregate
Hyderabad,2025,Saturday,0,10,24,25.0,TomTom Traffic Index - Hyderabad 2025,Hyderabad city/metro aggregate,citywide aggregate
Hyderabad,2025,Sunday,0,10,25,24.0,TomTom Traffic Index - Hyderabad 2025,Hyderabad city/metro aggregate,citywide aggregate
Hyderabad,2025,Monday,2,10,22,27.273,TomTom Traffic Index - Hyderabad 2025,Hyderabad city/metro aggregate,citywide aggregate
Hyderabad,2025,Tuesday,2,10,22,27.273,TomTom Traffic Index - Hyderabad 2025,Hyderabad city/metro aggregate,citywide aggregate
Hyderabad,2025,Wednesday,2,10,22,27.273,TomTom Traffic Index - Hyderabad 2025,Hyderabad city/metro aggregate,citywide aggregate
Hyderabad,2025,Thursday,2,10,22,27.273,TomTom Traffic Index - Hyderabad 2025,Hyderabad city/metro aggregate,citywide aggregate
Hyderabad,2025,Friday,2,10,22,27.273,TomTom Traffic Index - Hyderabad 2025,Hyderabad city/metro aggregate,citywide aggregate
Hyderabad,2025,Saturday,2,10,22,27.273,TomTom Traffic Index - Hyderabad 2025,Hyderabad city/metro aggregate,citywide aggregate
Hyderabad,2025,Sunday,2,10,23,26.087,TomTom Traffic Index - Hyderabad 2025,Hyderabad city/metro aggregate,citywide aggregate
Hyderabad,2025,Monday,4,10,21,28.571,TomTom Traffic Index - Hyderabad 2025,Hyderabad city/metro aggregate,citywide aggregate
Hyderabad,2025,Tuesday,4,10,21,28.571,TomTom Traffic Index - Hyderabad 2025,Hyderabad city/metro aggregate,citywide aggregate
Hyderabad,2025,Wednesday,4,10,22,27.273,TomTom Traffic Index - Hyderabad 2025,Hyderabad city/metro aggregate,citywide aggregate
Hyderabad,2025,Thursday,4,10,22,27.273,TomTom Traffic Index - Hyderabad 2025,Hyderabad city/metro aggregate,citywide aggregate
Hyderabad,2025,Friday,4,10,22,27.273,TomTom Traffic Index - Hyderabad 2025,Hyderabad city/metro aggregate,citywide aggregate
Hyderabad,2025,Saturday,4,10,22,27.273,TomTom Traffic Index - Hyderabad 2025,Hyderabad city/metro aggregate,citywide aggregate
Hyderabad,2025,Sunday,4,10,22,27.273,TomTom Traffic Index - Hyderabad 2025,Hyderabad city/metro aggregate,citywide aggregate
Hyderabad,2025,Monday,6,10,24,25.0,TomTom Traffic Index - Hyderabad 2025,Hyderabad city/metro aggregate,citywide aggregate
Hyderabad,2025,Tuesday,6,10,24,25.0,TomTom Traffic Index - Hyderabad 2025,Hyderabad city/metro aggregate,citywide aggregate
Hyderabad,2025,Wednesday,6,10,25,24.0,TomTom Traffic Index - Hyderabad 2025,Hyderabad city/metro aggregate,citywide aggregate
Hyderabad,2025,Thursday,6,10,25,24.0,TomTom Traffic Index - Hyderabad 2025,Hyderabad city/metro aggregate,citywide aggregate
Hyderabad,2025,Friday,6,10,25,24.0,TomTom Traffic Index - Hyderabad 2025,Hyderabad city/metro aggregate,citywide aggregate
Hyderabad,2025,Saturday,6,10,25,24.0,TomTom Traffic Index - Hyderabad 2025,Hyderabad city/metro aggregate,citywide aggregate
Hyderabad,2025,Sunday,6,10,24,25.0,TomTom Traffic Index - Hyderabad 2025,Hyderabad city/metro aggregate,citywide aggregate
Hyderabad,2025,Monday,8,10,29,20.69,TomTom Traffic Index - Hyderabad 2025,Hyderabad city/metro aggregate,citywide aggregate
Hyderabad,2025,Tuesday,8,10,29,20.69,TomTom Traffic Index - Hyderabad 2025,Hyderabad city/metro aggregate,citywide aggregate
Hyderabad,2025,Wednesday,8,10,29,20.69,TomTom Traffic Index - Hyderabad 2025,Hyderabad city/metro aggregate,citywide aggregate
Hyderabad,2025,Thursday,8,10,29,20.69,TomTom Traffic Index - Hyderabad 2025,Hyderabad city/metro aggregate,citywide aggregate
Hyderabad,2025,Friday,8,10,29,20.69,TomTom Traffic Index - Hyderabad 2025,Hyderabad city/metro aggregate,citywide aggregate
Hyderabad,2025,Saturday,8,10,29,20.69,TomTom Traffic Index - Hyderabad 2025,Hyderabad city/metro aggregate,citywide aggregate
Hyderabad,2025,Sunday,8,10,26,23.077,TomTom Traffic Index - Hyderabad 2025,Hyderabad city/metro aggregate,citywide aggregate
Hyderabad,2025,Monday,10,10,34,17.647,TomTom Traffic Index - Hyderabad 2025,Hyderabad city/metro aggregate,citywide aggregate
Hyderabad,2025,Tuesday,10,10,35,17.143,TomTom Traffic Index - Hyderabad 2025,Hyderabad city/metro aggregate,citywide aggregate
Hyderabad,2025,Wednesday,10,10,34,17.647,TomTom Traffic Index - Hyderabad 2025,Hyderabad city/metro aggregate,citywide aggregate
Hyderabad,2025,Thursday,10,10,35,17.143,TomTom Traffic Index - Hyderabad 2025,Hyderabad city/metro aggregate,citywide aggregate
Hyderabad,2025,Friday,10,10,34,17.647,TomTom Traffic Index - Hyderabad 2025,Hyderabad city/metro aggregate,citywide aggregate
Hyderabad,2025,Saturday,10,10,33,18.182,TomTom Traffic Index - Hyderabad 2025,Hyderabad city/metro aggregate,citywide aggregate
Hyderabad,2025,Sunday,10,10,28,21.429,TomTom Traffic Index - Hyderabad 2025,Hyderabad city/metro aggregate,citywide aggregate
Hyderabad,2025,Monday,12,10,35,17.143,TomTom Traffic Index - Hyderabad 2025,Hyderabad city/metro aggregate,citywide aggregate
Hyderabad,2025,Tuesday,12,10,35,17.143,TomTom Traffic Index - Hyderabad 2025,Hyderabad city/metro aggregate,citywide aggregate
Hyderabad,2025,Wednesday,12,10,35,17.143,TomTom Traffic Index - Hyderabad 2025,Hyderabad city/metro aggregate,citywide aggregate
Hyderabad,2025,Thursday,12,10,35,17.143,TomTom Traffic Index - Hyderabad 2025,Hyderabad city/metro aggregate,citywide aggregate
Hyderabad,2025,Friday,12,10,33,18.182,TomTom Traffic Index - Hyderabad 2025,Hyderabad city/metro aggregate,citywide aggregate
Hyderabad,2025,Saturday,12,10,36,16.667,TomTom Traffic Index - Hyderabad 2025,Hyderabad city/metro aggregate,citywide aggregate
Hyderabad,2025,Sunday,12,10,30,20.0,TomTom Traffic Index - Hyderabad 2025,Hyderabad city/metro aggregate,citywide aggregate
Hyderabad,2025,Monday,14,10,35,17.143,TomTom Traffic Index - Hyderabad 2025,Hyderabad city/metro aggregate,citywide aggregate
Hyderabad,2025,Tuesday,14,10,34,17.647,TomTom Traffic Index - Hyderabad 2025,Hyderabad city/metro aggregate,citywide aggregate
Hyderabad,2025,Wednesday,14,10,34,17.647,TomTom Traffic Index - Hyderabad 2025,Hyderabad city/metro aggregate,citywide aggregate
Hyderabad,2025,Thursday,14,10,35,17.143,TomTom Traffic Index - Hyderabad 2025,Hyderabad city/metro aggregate,citywide aggregate
Hyderabad,2025,Friday,14,10,33,18.182,TomTom Traffic Index - Hyderabad 2025,Hyderabad city/metro aggregate,citywide aggregate
Hyderabad,2025,Saturday,14,10,37,16.216,TomTom Traffic Index - Hyderabad 2025,Hyderabad city/metro aggregate,citywide aggregate
Hyderabad,2025,Sunday,14,10,31,19.355,TomTom Traffic Index - Hyderabad 2025,Hyderabad city/metro aggregate,citywide aggregate
Hyderabad,2025,Monday,16,10,38,15.789,TomTom Traffic Index - Hyderabad 2025,Hyderabad city/metro aggregate,citywide aggregate
Hyderabad,2025,Tuesday,16,10,37,16.216,TomTom Traffic Index - Hyderabad 2025,Hyderabad city/metro aggregate,citywide aggregate
Hyderabad,2025,Wednesday,16,10,37,16.216,TomTom Traffic Index - Hyderabad 2025,Hyderabad city/metro aggregate,citywide aggregate
Hyderabad,2025,Thursday,16,10,38,15.789,TomTom Traffic Index - Hyderabad 2025,Hyderabad city/metro aggregate,citywide aggregate
Hyderabad,2025,Friday,16,10,37,16.216,TomTom Traffic Index - Hyderabad 2025,Hyderabad city/metro aggregate,citywide aggregate
Hyderabad,2025,Saturday,16,10,39,15.385,TomTom Traffic Index - Hyderabad 2025,Hyderabad city/metro aggregate,citywide aggregate
Hyderabad,2025,Sunday,16,10,33,18.182,TomTom Traffic Index - Hyderabad 2025,Hyderabad city/metro aggregate,citywide aggregate
Hyderabad,2025,Monday,18,10,40,15.0,TomTom Traffic Index - Hyderabad 2025,Hyderabad city/metro aggregate,citywide aggregate
Hyderabad,2025,Tuesday,18,10,39,15.385,TomTom Traffic Index - Hyderabad 2025,Hyderabad city/metro aggregate,citywide aggregate
Hyderabad,2025,Wednesday,18,10,39,15.385,TomTom Traffic Index - Hyderabad 2025,Hyderabad city/metro aggregate,citywide aggregate
Hyderabad,2025,Thursday,18,10,40,15.0,TomTom Traffic Index - Hyderabad 2025,Hyderabad city/metro aggregate,citywide aggregate
Hyderabad,2025,Friday,18,10,40,15.0,TomTom Traffic Index - Hyderabad 2025,Hyderabad city/metro aggregate,citywide aggregate
Hyderabad,2025,Saturday,18,10,42,14.286,TomTom Traffic Index - Hyderabad 2025,Hyderabad city/metro aggregate,citywide aggregate
Hyderabad,2025,Sunday,18,10,35,17.143,TomTom Traffic Index - Hyderabad 2025,Hyderabad city/metro aggregate,citywide aggregate
Hyderabad,2025,Monday,20,10,34,17.647,TomTom Traffic Index - Hyderabad 2025,Hyderabad city/metro aggregate,citywide aggregate
Hyderabad,2025,Tuesday,20,10,34,17.647,TomTom Traffic Index - Hyderabad 2025,Hyderabad city/metro aggregate,citywide aggregate
Hyderabad,2025,Wednesday,20,10,34,17.647,TomTom Traffic Index - Hyderabad 2025,Hyderabad city/metro aggregate,citywide aggregate
Hyderabad,2025,Thursday,20,10,34,17.647,TomTom Traffic Index - Hyderabad 2025,Hyderabad city/metro aggregate,citywide aggregate
Hyderabad,2025,Friday,20,10,35,17.143,TomTom Traffic Index - Hyderabad 2025,Hyderabad city/metro aggregate,citywide aggregate
Hyderabad,2025,Saturday,20,10,37,16.216,TomTom Traffic Index - Hyderabad 2025,Hyderabad city/metro aggregate,citywide aggregate
Hyderabad,2025,Sunday,20,10,32,18.75,TomTom Traffic Index - Hyderabad 2025,Hyderabad city/metro aggregate,citywide aggregate
Hyderabad,2025,Monday,22,10,29,20.69,TomTom Traffic Index - Hyderabad 2025,Hyderabad city/metro aggregate,citywide aggregate
Hyderabad,2025,Tuesday,22,10,29,20.69,TomTom Traffic Index - Hyderabad 2025,Hyderabad city/metro aggregate,citywide aggregate
Hyderabad,2025,Wednesday,22,10,29,20.69,TomTom Traffic Index - Hyderabad 2025,Hyderabad city/metro aggregate,citywide aggregate
Hyderabad,2025,Thursday,22,10,29,20.69,TomTom Traffic Index - Hyderabad 2025,Hyderabad city/metro aggregate,citywide aggregate
Hyderabad,2025,Friday,22,10,29,20.69,TomTom Traffic Index - Hyderabad 2025,Hyderabad city/metro aggregate,citywide aggregate
Hyderabad,2025,Saturday,22,10,31,19.355,TomTom Traffic Index - Hyderabad 2025,Hyderabad city/metro aggregate,citywide aggregate
Hyderabad,2025,Sunday,22,10,28,21.429,TomTom Traffic Index - Hyderabad 2025,Hyderabad city/metro aggregate,citywide aggregate
